palestine-gaza,0.2
salforduk,0.1663157894736842
gaza-palestine,0.14485981308411214
egipto,0.1170018281535649
juba,0.11558219178082192
amed,0.10126582278481013
southsudan,0.09992193598750976
theinternetz,0.09586466165413533
جزيرةالعرب,0.09523809523809523
american,0.09481481481481481
