nycandsanfrancisco,0.2777777777777778
jazan,0.0851063829787234
greenvillesouthcarolina,0.08084577114427861
westhampton,0.07520891364902507
富山県富山市,0.07142857142857144
repiblikayiti,0.0625
wolfsberg,0.043478260869565216
santabarbaracalifornia,0.042499999999999996
montgomeryal,0.04173622704507512
ncusa,0.03860362024381234
